<?xml version="1.0" encoding="UTF-8"?>
<!DOCTYPE mapper PUBLIC "-//mybatis.org//DTD Mapper 3.0//EN"
        "http://mybatis.org/dtd/mybatis-3-mapper.dtd">

<mapper namespace="Board">
    <insert id="save" parameterType="board">
        insert into board_table(boardWriter, boardPass, boardTitle, boardContents,escape_id)
        values(#{boardWriter}, #{boardPass}, #{boardTitle}, #{boardContents},#{escape_id})
    </insert>
    <select id="findAll" resultType="board">
        select * from board_table order by id desc
    </select>
    <update id ="updateHits" parameterType="Long">
        update board_table set boardHits = boardHits + 1 where id = #{id}
    </update>
    <select id="findById" parameterType="Long" resultType="board">
        select * from board_table where id=#{id}
    </select>
    <delete id="delete" parameterType="Long">
        delete from board_table where id=#{id}
    </delete>
    <update id ="update" parameterType="board">
        update board_table set boardTitle=#{boardTitle}, boardContents=#{boardContents} where id = #{id}
    </update>
    <select id="pagingList" parameterType="java.util.HashMap" resultType="board">
        select * from board_table order by id desc limit #{start}, #{limit}
    </select>
    <select id="boardCount" resultType="Integer">
        select count(id) from board_table
    </select>
    <select id="find" resultType="ranking">
        select * from escape_room order by escape_ranking
    </select>
    <select id="findOne" resultType="ranking">
        select * from escape_room where escape_id=#{escapeId}
    </select>
    <select id="detailPagingList" parameterType="java.util.HashMap" resultType="board">
        select * from board_table where escape_id=#{escape_id} order by id desc limit #{pagingStart}, #{BOARDS_PER_PAGE}
    </select>
    <select id="detailBoardCount" resultType="Integer">
        select count(id) from board_table where escape_id=#{escapeId}
    </select>
</mapper>

