<?xml version="1.0" encoding="UTF-8"?>
<!DOCTYPE mapper PUBLIC "-//mybatis.org//DTD Mapper 3.0//EN"
        "http://mybatis.org/dtd/mybatis-3-mapper.dtd">

<mapper namespace="Comment">
    <insert id="save" parameterType="comment">
        insert into comment_table(commentWriter, commentContents, boardId,commentPass,escape_id)
        values(#{commentWriter}, #{commentContents}, #{boardId},#{commentPass},#{escape_id})
    </insert>
    <select id="findById" parameterType="Long" resultType="comment">
        select * from comment_table where boardId=#{id}
    </select>
    <delete id="comment_delete" parameterType="Long">
        delete from comment_table where id=#{commentId}
    </delete>
    <update id ="updateCount" parameterType="Long">
        update escape_room set comment_count = comment_count + 1 where escape_id = #{escape_id}
    </update>
    <update id ="updateCount_" parameterType="Long">
        update escape_room set comment_count = comment_count - 1 where escape_id = #{escape_id}
    </update>
</mapper>